Timestamp,Temperature,SoundLevel,VibrationLevel,Anomaly
2024-03-21 00:42:09,27.883508488142695,57.882294190332736,0.7105585429424571,0
2024-03-21 00:44:09,28.67945540442228,65.43636304805109,2.0299707342394155,0
2024-03-21 00:46:09,29.824014899471244,66.97580629634597,1.4120442065404033,0
2024-03-21 00:48:09,27.239992297799702,55.40500641359972,3.1515980141362427,0
2024-03-21 00:50:09,29.182285222300443,71.90234470794651,3.331270252432845,0
2024-03-21 00:52:09,22.7431338734428,57.85003043862548,0.2915077598770416,0
2024-03-21 00:54:09,21.724091404206895,51.53756358394616,0.4270305725775564,0
2024-03-21 00:56:09,26.418450033503152,66.05599157364115,4.795542851658361,0
2024-03-21 00:58:09,23.598167863945136,50.50140763305757,1.5730942278189524,0
2024-03-21 01:00:09,28.71036926225827,67.38732065836184,4.340345252063114,0
2024-03-21 01:02:09,23.701549726222815,65.50462914268417,2.398681806685797,0
2024-03-21 01:04:09,23.059053300555018,69.32176666587343,3.4553175506778935,1
2024-03-21 01:06:09,27.131131089672525,50.64177885359811,1.8915723205996804,0
2024-03-21 01:08:09,23.655844752247102,61.77946256826896,2.3685357165187826,0
2024-03-21 01:10:09,28.054109324448223,60.20683287415895,0.8894653080298892,0
2024-03-21 01:12:09,28.463825795905688,55.674473343223795,1.8123845944586,0
2024-03-21 01:14:09,28.45175199910703,50.25924387481412,4.041704287486919,1
2024-03-21 01:16:09,21.78128680494022,58.395792295287336,1.3821399980295201,0
2024-03-21 01:18:09,24.591752669625276,56.06738644034589,1.6445228599275796,1
2024-03-21 01:20:09,27.726396542331866,65.60070774774043,0.9100026045168108,0
2024-03-21 01:22:09,22.018610208875607,67.33215501436935,3.357005900057915,0
2024-03-21 01:24:09,29.592164434623633,74.1983426201222,0.13974970091586492,0
2024-03-21 01:26:09,27.326291536155534,78.18914809217915,4.591409753599758,0
2024-03-21 01:28:09,26.28838914466625,52.104995742012335,3.3497678369103854,0
2024-03-21 01:30:09,21.924880947356773,73.08868455935396,1.7585845097012653,0
2024-03-21 01:32:09,25.66117497703635,79.65530527849013,2.252803950936358,0
2024-03-21 01:34:09,22.87108507483528,79.6155990607325,0.19523831972699135,0
2024-03-21 01:36:09,26.336020621470773,57.74329830603524,3.13124062961802,0
2024-03-21 01:38:09,27.688767981642286,63.23819489872637,0.10713358134358364,0
2024-03-21 01:40:09,25.19656379039512,79.57206420064256,2.9060670913765025,0
2024-03-21 01:42:09,26.7878841203484,58.27901322727844,4.716474301884144,0
2024-03-21 01:44:09,26.325959562930013,78.1846320452813,0.15038664448805472,0
2024-03-21 01:46:09,23.06283853202027,59.160310120515845,2.6562076915216624,0
2024-03-21 01:48:09,23.150362314571705,72.735330170095,4.158889956885396,0
2024-03-21 01:50:09,20.882725340973224,63.7560222469851,3.971213577387085,0
2024-03-21 01:52:09,27.84570328705138,69.87603560044343,2.9215698667719794,0
2024-03-21 01:54:09,26.396947564278584,56.0742922398896,2.0633959893669624,0
2024-03-21 01:56:09,29.318810967643863,79.12109427888704,4.785625278909146,0
2024-03-21 01:58:09,25.83619200605769,76.72791622451744,4.775286756999222,0
2024-03-21 02:00:09,29.20698398734447,76.17553740218221,1.7900706383142961,0
2024-03-21 02:02:09,25.49393478060427,61.66162358023534,1.784634419994885,0
2024-03-21 02:04:09,25.66359645962697,60.32093737176898,1.796219087601603,0
2024-03-21 02:06:09,23.196465485346664,71.2002529876896,4.275980284493196,0
2024-03-21 02:08:09,25.949423861941526,67.93840208828712,1.7117092570759607,0
2024-03-21 02:10:09,28.471338081661322,59.90571892156998,0.19445422842119642,0
2024-03-21 02:12:09,22.26140995431431,52.03267015858303,3.0400048588763404,0
2024-03-21 02:14:09,26.19148846485622,68.4971969413317,2.1781546874473863,0
2024-03-21 02:16:09,26.494622085135802,66.27920567900905,1.191808558477239,0
2024-03-21 02:18:09,22.38598856650887,63.94952959037294,3.0767841798383735,0
2024-03-21 02:20:09,22.00802371164769,60.206897043599426,3.56528348165103,0
2024-03-21 02:22:09,28.14362786956169,66.3259262323526,2.938332454771852,0
2024-03-21 02:24:09,28.993326638059287,70.58435972489093,4.485517159312041,0
2024-03-21 02:26:09,24.15118912403879,68.47994395874969,0.4847626892276091,0
2024-03-21 02:28:09,27.27018664901533,54.09071634194945,1.3916764606293337,0
2024-03-21 02:30:09,28.110796109093574,58.55084058060176,4.770094944233023,0
2024-03-21 02:32:09,20.94630935791472,67.38248031735434,4.738660444108385,0
2024-03-21 02:34:09,24.688409134158302,70.05666347976509,2.880097727429125,0
2024-03-21 02:36:09,20.153331680982156,56.30520300702208,2.728675770370639,0
2024-03-21 02:38:09,22.335324835706096,74.22686635355547,3.7058427971334633,0
2024-03-21 02:40:09,26.80351232685274,56.86514431026108,0.025132642686163664,0
2024-03-21 02:42:09,26.271254872847365,55.86259426580468,0.47229174084319814,0
2024-03-21 02:44:09,28.14333570020513,76.65886370403216,0.7670518108900565,0
2024-03-21 02:46:09,26.420196760022257,75.29132416234387,0.4394058282316221,0
2024-03-21 02:48:09,29.867650940656034,72.2359023347024,4.808972356324546,0
2024-03-21 02:50:09,29.210548009592358,55.861816316901404,2.4036914033116585,0
2024-03-21 02:52:09,22.430650997370954,67.1755901869027,0.8637965411632625,0
2024-03-21 02:54:09,28.095238833329706,57.44866023665079,3.862351950024932,0
2024-03-21 02:56:09,20.963379096908934,56.045846822413566,3.0679265081386466,0
2024-03-21 02:58:09,25.92899201644599,56.3238880941335,0.9266746055498354,0
2024-03-21 03:00:09,20.118164486514758,50.08574344977493,2.6755866437642566,0
2024-03-21 03:02:09,25.628314672620974,73.45304455240263,2.1678524648900814,0
2024-03-21 03:04:09,27.679224219167615,52.89285191529609,4.629598492606196,0
2024-03-21 03:06:09,20.07594741621226,74.38250239347983,4.5395908962097575,0
2024-03-21 03:08:09,23.739182077452934,75.93568470138081,4.58602514938439,0
2024-03-21 03:10:09,29.775089701970078,66.09767749205339,2.1928278027391745,0
2024-03-21 03:12:09,27.46477828589035,77.30287198907182,3.4811218128986345,0
2024-03-21 03:14:09,26.07573086974547,65.01086351897591,0.9614557388284645,0
2024-03-21 03:16:09,21.38985109613404,53.10975916871989,3.1111041869666622,0
2024-03-21 03:18:09,28.195668379806285,56.26300147647733,4.450484373640772,0
2024-03-21 03:20:09,23.13876007262744,74.89543279224087,0.6053238618964174,0
2024-03-21 03:22:09,23.139740237495953,57.88164817474117,2.887956122410806,0
2024-03-21 03:24:09,28.468804225213212,75.58685303773606,4.956137558124168,0
2024-03-21 03:26:09,27.199307061342125,56.752775004476895,2.9008799329919146,0
2024-03-21 03:28:09,28.205016861907243,72.02435211710362,2.456311408833887,0
2024-03-21 03:30:09,21.238568666311544,77.60081821649193,0.9204310801982185,0
2024-03-21 03:32:09,21.359181495173935,62.54252353107849,3.9663208527117484,0
2024-03-21 03:34:09,21.868764588819023,51.35592426309516,4.363304827604449,0
2024-03-21 03:36:09,26.62127292813735,54.926817793254145,0.7170935036157716,0
2024-03-21 03:38:09,23.80699805603461,76.51569639682725,4.437947454266031,0
2024-03-21 03:40:09,27.618324808099246,72.70791508282281,2.194088504512479,0
2024-03-21 03:42:09,28.38192935969707,51.575371521632995,3.2878738128089147,0
2024-03-21 03:44:09,22.31665051731867,63.01503291290493,0.49057338222498525,0
2024-03-21 03:46:09,29.197084745221648,58.79354100263306,0.01721489492966022,0
2024-03-21 03:48:09,26.36864537335315,50.86757514703227,1.5841507939504447,0
2024-03-21 03:50:09,21.07008650254558,64.49321527008617,1.949054119884524,0
2024-03-21 03:52:09,23.26629459293957,63.26412768038924,3.0616794858599206,0
2024-03-21 03:54:09,28.526729574309456,50.190807154798534,0.1993984653529246,0
2024-03-21 03:56:09,26.25755485886623,68.99681684876211,2.061297184149619,0
2024-03-21 03:58:09,20.114496245386157,64.31381822107666,3.2605391321579664,0
2024-03-21 04:00:09,21.479648974453923,60.462118805651414,1.4611972992542799,0
2024-03-21 04:02:09,21.885996074795738,57.744898914481254,0.6999422662135907,0
2024-03-21 04:04:09,22.029780126841768,50.679537021482375,3.3172489384525496,0
2024-03-21 04:06:09,26.773341652883268,71.39178739078889,2.117165282599014,0
2024-03-21 04:08:09,24.572973407254565,59.90787353907561,0.17196180606112665,0
2024-03-21 04:10:09,24.169283744033628,59.69309190622577,1.8866406107596663,0
2024-03-21 04:12:09,24.53099718708211,65.5623578055383,4.712485045281148,0
2024-03-21 04:14:09,22.83195862517332,54.93016810071191,3.31141072738557,0
2024-03-21 04:16:09,23.477196987791118,73.46688547300185,2.026242285893906,0
2024-03-21 04:18:09,25.22651701029994,61.13383993143315,1.288610675180295,0
2024-03-21 04:20:09,26.582311156128604,74.75333152385366,4.689231667045489,0
2024-03-21 04:22:09,27.646966013417234,79.53793076786518,0.40150819647397973,0
2024-03-21 04:24:09,29.480643858589644,51.03210414109551,4.600725087749964,0
2024-03-21 04:26:09,23.901251919798597,56.784306520253566,4.886601360796346,0
2024-03-21 04:28:09,27.165811432470267,64.26876957858823,4.987311562112934,0
2024-03-21 04:30:09,23.171399624621056,59.89234916501012,2.553702033580511,0
2024-03-21 04:32:09,26.951304022585717,61.13385660831765,0.28984887114661295,1
2024-03-21 04:34:09,27.32286636098555,68.39505768804563,4.388366446645361,0
2024-03-21 04:36:09,25.984871910778978,69.10820908514822,1.374896493461668,0
2024-03-21 04:38:09,29.531944783886924,73.52015470262602,1.3133617126540327,0
2024-03-21 04:40:09,24.430257644427172,72.39920143694604,0.625166518538231,0
2024-03-21 04:42:09,26.669221327771393,53.48640426442285,2.2490051879325126,0
2024-03-21 04:44:09,26.29988632138681,61.33985050876662,2.779785189889836,0
2024-03-21 04:46:09,27.322196259019034,76.30455097516055,2.846068361102981,0
2024-03-21 04:48:09,25.176594092899467,60.6664959602869,4.149196150022013,0
2024-03-21 04:50:09,22.992301310633064,76.44687148380969,2.4694860223512247,0
2024-03-21 04:52:09,26.877300250883398,64.21835701439329,2.629140940981172,0
2024-03-21 04:54:09,24.677206845805863,76.99752203444575,0.6679954722183529,0
2024-03-21 04:56:09,25.97978344702373,67.72883946866516,0.5436652648149232,0
2024-03-21 04:58:09,26.666752513662907,54.140483631989554,3.321525713121696,0
2024-03-21 05:00:09,22.487122669072154,59.70813585731209,2.9338086467945623,0
2024-03-21 05:02:09,28.12926147212484,50.63021911629796,1.231281404697539,0
2024-03-21 05:04:09,29.771279991578922,77.02994792293958,3.0056401324407633,0
2024-03-21 05:06:09,26.48842042013961,68.1281650827334,0.2819277452945623,0
2024-03-21 05:08:09,28.811057281384162,62.78045897969284,2.76526366186294,0
2024-03-21 05:10:09,25.760949430653792,58.58580346098154,3.270863041297409,0
2024-03-21 05:12:09,29.920665805370028,79.36102387670292,2.1714686608733267,0
2024-03-21 05:14:09,22.645413400630552,52.56984542796663,4.62538824058711,0
2024-03-21 05:16:09,23.01103797820742,68.87628103414201,0.8558665295480616,0
2024-03-21 05:18:09,27.44946692862893,50.44962240386381,4.962534560358335,0
2024-03-21 05:20:09,20.20832723446915,77.90632094021211,1.7411097918237617,0
2024-03-21 05:22:09,20.00842256705293,69.71781270646161,0.08633980351537451,0
2024-03-21 05:24:09,27.419130909319925,53.900763627688,3.007395049081289,0
2024-03-21 05:26:09,20.856938416618352,66.55647750886081,3.2685305535756775,1
2024-03-21 05:28:09,24.445439891204778,74.32003122737888,1.3617681391077086,0
2024-03-21 05:30:09,28.787717267908803,61.74859572211122,1.4391751226956928,0
2024-03-21 05:32:09,27.331667048251195,64.24854370460498,4.305695124496948,0
2024-03-21 05:34:09,26.311400064376308,73.23011624507548,2.416090162110766,0
2024-03-21 05:36:09,24.166796965153345,60.70424202995811,4.143497850553298,0
2024-03-21 05:38:09,24.901055195628835,79.9501271492542,2.3349658224341234,0
2024-03-21 05:40:09,27.52009783355962,53.121169379787126,4.55699574809366,0
2024-03-21 05:42:09,21.872813160631203,79.10301508504989,2.0763727676956583,0
2024-03-21 05:44:09,25.349654937817945,76.17956317860506,2.7357189461861604,0
2024-03-21 05:46:09,25.938163590188548,56.93405097292671,4.067958985686411,0
2024-03-21 05:48:09,25.54694346003553,56.9466972077119,4.96065040072792,0
2024-03-21 05:50:09,28.400358640908586,61.35155485691028,0.7647335247151527,0
2024-03-21 05:52:09,26.415903377268194,51.74094524996641,0.41148279192307124,0
2024-03-21 05:54:09,22.1863720846735,58.95277441479762,1.6847983183509907,0
2024-03-21 05:56:09,22.453217615000735,74.31623602585069,2.385175721470489,0
2024-03-21 05:58:09,28.007483496478805,68.51435381334896,2.6903076294291073,1
2024-03-21 06:00:09,28.052415336548496,58.04652451392065,2.6477927524430918,0
2024-03-21 06:02:09,24.713683223913005,70.53304780547522,1.9944012037165852,0
2024-03-21 06:04:09,25.80070356955163,70.72461977920359,3.988237464406354,0
2024-03-21 06:06:09,23.632301529133194,73.44926320265344,0.7883932992991266,0
2024-03-21 06:08:09,20.33641060608108,51.021266263339115,0.014968453490760703,0
2024-03-21 06:10:09,22.532060612026424,71.47014999249255,3.556283186434251,0
2024-03-21 06:12:09,27.566071250809898,57.99471335300315,3.8927884820399266,0
2024-03-21 06:14:09,25.075708341362215,67.06997771819998,4.764452795437469,0
2024-03-21 06:16:09,23.007682827228408,58.50090438721831,1.8373441341110448,0
2024-03-21 06:18:09,20.662477394590752,60.42395598084835,3.1543543258995137,0
2024-03-21 06:20:09,26.000379675309773,58.95061984953249,3.7211499071177117,0
2024-03-21 06:22:09,21.031048617901348,70.58537745376817,0.12894498121959752,0
2024-03-21 06:24:09,27.49539919229078,72.33906182045979,0.532380265913715,0
2024-03-21 06:26:09,21.60679797077872,52.11640867389732,4.805081684388595,0
2024-03-21 06:28:09,28.5348125595197,75.72187376918549,4.992188232857592,0
2024-03-21 06:30:09,23.939725337515245,71.13914877696018,1.7464532697882413,0
2024-03-21 06:32:09,24.71046007909412,51.15098443646748,1.325908489652261,0
2024-03-21 06:34:09,20.947920004074028,64.1235023752098,0.9145081259397869,0
2024-03-21 06:36:09,27.79228395732202,53.976373415607924,3.0377750771254695,0
2024-03-21 06:38:09,23.250286596647772,58.39226019605155,1.9703252863789062,0
2024-03-21 06:40:09,22.11288693555418,64.7886475528906,0.3399084328505825,0
2024-03-21 06:42:09,26.032436425368548,77.95542227689702,0.6460985894727783,0
2024-03-21 06:44:09,26.53611545317802,78.95989495034897,2.8831909404023692,0
2024-03-21 06:46:09,21.866606179135477,74.53073821153009,2.5502325644764823,0
2024-03-21 06:48:09,20.979363902140722,59.87449240094641,0.30656746847395666,0
2024-03-21 06:50:09,28.682245393507586,67.65369308603739,0.9891027921155965,0
2024-03-21 06:52:09,26.669116674650844,63.367435376206345,0.3495500736250229,0
2024-03-21 06:54:09,24.70307334799091,69.81461171632343,3.71186976954419,0
2024-03-21 06:56:09,27.6594641680196,75.11623519250034,3.4020100382827927,0
2024-03-21 06:58:09,26.019443326060426,61.1505368448543,3.507594649219592,0
2024-03-21 07:00:09,24.735023740459184,71.71573001593524,2.31172985019231,0
2024-03-21 07:02:09,24.696894948078707,53.9296237662353,1.330442819264509,0
2024-03-21 07:04:09,28.030799030995432,77.87890502186416,1.6284428386768983,0
2024-03-21 07:06:09,24.95000097642346,57.5038326475925,2.3864358917989943,0
2024-03-21 07:08:09,22.29098678671501,75.81439946986166,3.7917115141570457,0
2024-03-21 07:10:09,24.184567793634113,70.38072294830911,1.069968709458577,0
2024-03-21 07:12:09,28.032653021454703,57.97168448830999,0.8226521445245805,0
2024-03-21 07:14:09,29.025093613529027,73.5613420842744,3.8289044783228054,0
2024-03-21 07:16:09,20.445824561173556,74.57132084480597,4.573511292780102,0
2024-03-21 07:18:09,26.10917023245738,63.409678529861814,0.7387718550868999,0
2024-03-21 07:20:09,23.320127772370093,75.66874755057125,1.7831862391618776,0
2024-03-21 07:22:09,28.87495545667633,77.20590841168368,2.035953064394503,0
2024-03-21 07:24:09,20.768045686657747,72.02100645244067,2.7533942250857923,0
2024-03-21 07:26:09,22.489363335884633,57.980673813961324,0.5759238902404312,0
2024-03-21 07:28:09,27.14792941010771,54.58461690515537,4.16764162412967,0
2024-03-21 07:30:09,20.179147314825265,53.65724071619975,1.9866503173563448,0
2024-03-21 07:32:09,28.858915496151365,53.40353411109647,4.357274303785404,0
2024-03-21 07:34:09,24.631614111664256,60.92742812847786,1.3189722951991356,0
2024-03-21 07:36:09,25.078096006340438,61.71125170495552,3.1058005014948242,0
2024-03-21 07:38:09,29.008505942036034,75.83317836505984,3.5871266613258532,0
2024-03-21 07:40:09,25.966394284788983,63.66723025008527,3.710639040872295,0
2024-03-21 07:42:09,20.7007873295696,59.44419620039818,4.48294748341812,0
2024-03-21 07:44:09,21.956845310254575,71.01616100332926,4.551709060076574,0
2024-03-21 07:46:09,25.277688934854808,54.706459278881695,0.4116188022595102,0
2024-03-21 07:48:09,21.56716863900508,79.08596335968485,4.232720528985954,0
2024-03-21 07:50:09,23.065117504608263,65.71182466360088,3.534780035504581,0
2024-03-21 07:52:09,21.22673437419678,70.62025336684971,2.6735046505245452,0
2024-03-21 07:54:09,29.809613091867227,69.40881492906249,1.308962853723774,1
2024-03-21 07:56:09,22.70410442190327,54.06480327896006,1.954506570431262,0
2024-03-21 07:58:09,29.417758740674238,78.17305266084222,0.602657821730247,0
2024-03-21 08:00:09,29.88913139762188,77.83912809117686,3.6640873891152643,0
2024-03-21 08:02:09,20.243909946553057,73.40345985106381,0.45681847067148007,0
2024-03-21 08:04:09,24.02675860092965,76.28105302660711,1.4395309974869326,0
2024-03-21 08:06:09,27.313903024952094,58.42622668463055,0.33008878613421777,0
2024-03-21 08:08:09,29.4136750040957,60.356771601409285,3.4858157192995747,0
2024-03-21 08:10:09,25.520674290560486,79.69402703778789,3.003180716810181,0
2024-03-21 08:12:09,21.289844746004285,70.92123021833514,2.6191558841616875,0
2024-03-21 08:14:09,23.77404870056963,53.72869077988296,2.8584131655537908,0
2024-03-21 08:16:09,24.525666409492622,72.62296874881503,1.4280298653173251,0
2024-03-21 08:18:09,24.427458025879627,68.98912774369275,4.345089348352569,0
2024-03-21 08:20:09,29.954719539375454,68.60962172222722,3.880818436535796,0
2024-03-21 08:22:09,26.199557101038145,78.82704012586657,1.9096892160700114,0
2024-03-21 08:24:09,20.09532954781901,67.88219672600526,0.024360241442210606,0
2024-03-21 08:26:09,20.571131768526655,65.27461722887975,2.517701311878872,0
2024-03-21 08:28:09,26.755250179122662,68.35033800374255,1.4411147318565392,0
2024-03-21 08:30:09,26.54221290985398,66.54651657374015,2.0228503267688103,0
2024-03-21 08:32:09,21.98628527606195,68.43656682972002,0.8773610898263295,0
2024-03-21 08:34:09,27.96193584841468,62.64922958843339,2.8907375300423648,1
2024-03-21 08:36:09,29.210066726931874,55.28421967735603,1.7915972584189426,0
2024-03-21 08:38:09,27.071370993118467,52.09138505318605,1.7652663462296747,0
2024-03-21 08:40:09,24.892147269699638,53.11372369495516,3.1273521233218258,0
2024-03-21 08:42:09,21.502648287685385,76.70261842945051,3.076320877126217,0
2024-03-21 08:44:09,25.873525310580256,77.65369138282692,2.8335107152485364,0
2024-03-21 08:46:09,29.524075219651248,68.26066414637465,0.1443241207605317,0
2024-03-21 08:48:09,29.800882734735396,64.7444963349362,0.7507887805513125,0
2024-03-21 08:50:09,22.057514707358724,62.611271901238766,3.620493595549708,0
2024-03-21 08:52:09,29.956480351897614,74.29854782579682,2.532440024280094,0
2024-03-21 08:54:09,20.968828796691515,53.75190423732172,0.901985764029552,0
2024-03-21 08:56:09,20.84401176347923,74.60709379670453,4.020895295539859,0
2024-03-21 08:58:09,20.82002865282897,79.19262882925229,4.1429750436766035,0
2024-03-21 09:00:09,24.999816093301128,61.99002215730262,4.163163192407396,0
2024-03-21 09:02:09,23.73831538159792,65.65909421477626,3.340053150147273,0
2024-03-21 09:04:09,29.001221503069587,72.54588823936757,2.9449491939095234,0
2024-03-21 09:06:09,23.298072859327103,74.04593806752993,3.950644597795227,0
2024-03-21 09:08:09,24.237660804046747,53.35456354091517,3.005725454051931,0
2024-03-21 09:10:09,25.48562575544917,59.772638804848846,2.32607393476427,0
2024-03-21 09:12:09,23.32237384654928,60.17374221170385,4.165537418648211,0
2024-03-21 09:14:09,28.782779148863924,59.671305247201715,1.973298227916192,0
2024-03-21 09:16:09,26.725308865122592,51.529093261975355,0.2021427045798685,0
2024-03-21 09:18:09,23.43348582248354,54.68815515449256,0.7837532018953591,0
2024-03-21 09:20:09,26.798992635987748,77.77087756888366,0.9302904094402381,0
2024-03-21 09:22:09,25.198580784112952,71.88945666656949,1.8419292820589557,0
2024-03-21 09:24:09,20.11456822618926,52.68110608691096,1.7804096081866545,0
2024-03-21 09:26:09,28.57843147863197,62.77908952829011,2.094103156400756,0
2024-03-21 09:28:09,24.778728248399077,67.83079440584818,0.01277643302445175,0
2024-03-21 09:30:09,22.691539432828908,70.94685824068696,4.968093128596802,0
2024-03-21 09:32:09,27.200502378634397,51.94617939425161,2.800380466418913,0
2024-03-21 09:34:09,26.68590774324068,55.488382779918815,0.15708301240100198,0
2024-03-21 09:36:09,27.47600296324214,70.6532955652022,0.816490651219719,0
2024-03-21 09:38:09,21.21902879359155,73.22305502677088,1.6783870794794697,0
2024-03-21 09:40:09,26.256926356242055,72.46632124719632,0.14855903740911613,0
2024-03-21 09:42:09,27.4052989987852,70.22673900536324,3.602197444044733,0
2024-03-21 09:44:09,29.31194408139106,54.26059309802151,1.955340813477795,0
2024-03-21 09:46:09,25.58025820439871,53.15884577082108,2.3842472960669046,0
2024-03-21 09:48:09,26.26205789145895,67.654524005869,0.23516302777940312,0
2024-03-21 09:50:09,25.46282537292279,73.65843634269476,0.873829216927941,0
2024-03-21 09:52:09,25.27795595421396,79.35997593298515,0.5269968737402375,0
2024-03-21 09:54:09,20.593134094599584,76.22705729314987,0.8589179388163704,0
2024-03-21 09:56:09,25.07990182533147,69.71083709607436,1.4388531701523437,0
2024-03-21 09:58:09,25.976654841672058,68.40826500660543,3.1077828474461846,0
2024-03-21 10:00:09,20.55000909010288,79.9963153788,0.4952029574247041,0
2024-03-21 10:02:09,28.450372694009914,53.869129123401734,0.4150855507283807,0
2024-03-21 10:04:09,25.580409644869036,73.44353767600964,4.296304189294435,0
2024-03-21 10:06:09,27.757020803180495,64.56983731790697,3.853759070806822,0
2024-03-21 10:08:09,26.585934328969472,63.221825782347196,4.406724437633839,0
2024-03-21 10:10:09,20.45105570590032,67.27000069471893,2.5477820774295674,0
2024-03-21 10:12:09,26.043520749429415,50.48937900578045,3.7864276447001304,0
2024-03-21 10:14:09,27.98933178695126,78.4928190433483,0.11502591597197576,0
2024-03-21 10:16:09,20.45363634427699,75.95423844030776,4.121766521119265,0
2024-03-21 10:18:09,21.1518615932133,76.80295811299364,1.4289873580899204,0
2024-03-21 10:20:09,28.765483641100253,68.65568545594344,4.280689531500857,0
2024-03-21 10:22:09,23.87271116420135,75.13716400095646,3.4186106008986665,0
2024-03-21 10:24:09,22.763064360646332,74.62799914999734,0.8314898717127678,0
2024-03-21 10:26:09,21.490413694494144,51.30075724819833,3.225422146763684,0
2024-03-21 10:28:09,26.021346802051838,60.027216045612036,3.9574573168034153,0
2024-03-21 10:30:09,23.296976674211642,58.3912132701753,3.6692274274008896,0
2024-03-21 10:32:09,26.934137644870113,54.66627538496717,3.2569927820117477,0
2024-03-21 10:34:09,29.012259463098175,58.51560553815909,2.0202874103296846,0
2024-03-21 10:36:09,29.277015778248554,79.39086677629561,1.3333185595239627,0
2024-03-21 10:38:09,23.916102494870234,50.74718691647205,2.5410147385533097,0
2024-03-21 10:40:09,28.966396556203087,77.0311201237969,4.511172496240943,0
2024-03-21 10:42:09,21.70570800513139,59.95969213629012,3.7002814674806057,1
2024-03-21 10:44:09,20.543283898541194,63.30171727303294,3.0607327962113855,0
2024-03-21 10:46:09,28.852664344041955,70.14875714863561,2.8971766050364773,1
2024-03-21 10:48:09,28.90666307259636,68.3850609233134,1.597139804334153,0
2024-03-21 10:50:09,29.396682000265496,54.48217053541482,4.775264322183706,0
2024-03-21 10:52:09,24.739110120440415,76.11373096476291,4.309338454922908,0
2024-03-21 10:54:09,21.19483189619071,65.34560181068454,2.8217051006485026,0
2024-03-21 10:56:09,21.894252883677957,58.9991267626653,3.800323352869825,0
2024-03-21 10:58:09,29.06338262247089,73.90094899183713,0.8062704244411989,0
2024-03-21 11:00:09,21.81294686310086,62.79725401102316,1.996906397779012,0
2024-03-21 11:02:09,23.021290720756625,73.15988490010974,0.9175398197550783,0
2024-03-21 11:04:09,25.99415497989117,66.98827077865555,4.470681771116731,0
2024-03-21 11:06:09,23.013622325690058,78.24595001697219,4.782780742791425,0
2024-03-21 11:08:09,25.851713180251142,73.27176924277265,4.6502401649815175,0
2024-03-21 11:10:09,27.8925281452206,68.8292658150805,0.8286095213281064,0
2024-03-21 11:12:09,26.44976212342478,56.597801123395925,1.9163350235264902,0
2024-03-21 11:14:09,22.959794876776545,67.04217384956866,2.377125592507621,0
2024-03-21 11:16:09,28.394907023414827,66.83167112736638,0.919535393404815,0
2024-03-21 11:18:09,26.99394065688172,53.002815545402704,0.9516824935771545,0
2024-03-21 11:20:09,20.94798588643136,52.55319742094623,2.9497232185246376,0
2024-03-21 11:22:09,26.80457731663175,75.4310133873031,0.6099695387154902,0
2024-03-21 11:24:09,24.003348250960876,62.17427161802395,2.346337799445805,0
2024-03-21 11:26:09,21.021020060928713,76.64600423235136,0.391323142846442,0
2024-03-21 11:28:09,28.514684290891488,73.40501927172355,1.9605016175815075,0
2024-03-21 11:30:09,24.5546930981487,50.98927256406519,0.7077703650375694,0
2024-03-21 11:32:09,21.762479091787245,52.649538858306684,4.903900410184965,0
2024-03-21 11:34:09,28.38630012198514,77.50054204203296,0.003513158334867983,0
2024-03-21 11:36:09,21.517379920752717,68.40079695134548,4.121332815593542,0
2024-03-21 11:38:09,26.90908136794672,56.525234626245904,2.5719357313967577,0
2024-03-21 11:40:09,21.919265513338605,68.82261190007492,2.9013619723027,0
2024-03-21 11:42:09,27.90243681132283,56.82766493763317,3.245820644538275,0
2024-03-21 11:44:09,26.26254319391243,67.5410325490906,1.7038824238478485,0
2024-03-21 11:46:09,25.167241432509996,54.111076184949795,1.6907117731449235,1
2024-03-21 11:48:09,23.322213423453878,50.706732204927505,3.3939856789434812,0
2024-03-21 11:50:09,26.95971026874526,59.902478784018385,0.740724203338447,0
2024-03-21 11:52:09,27.82363340207079,62.08621576473484,1.1515225504005384,0
2024-03-21 11:54:09,23.256298494960753,74.6503174622075,4.45757390539058,0
2024-03-21 11:56:09,27.644919717533774,69.97727162805062,4.326152069893475,0
2024-03-21 11:58:09,24.89331407073759,77.8421486322943,3.008815900987549,0
2024-03-21 12:00:09,25.63712940559398,74.43573723452164,4.281785452790439,0
2024-03-21 12:02:09,28.183117433615585,71.14058929596955,1.9257727803565876,0
2024-03-21 12:04:09,29.075293804658575,56.88545928851584,0.35398112816588057,0
2024-03-21 12:06:09,23.61968962351913,74.80253098260133,2.102619904323404,0
2024-03-21 12:08:09,20.95035324126125,62.88151543868272,0.6168886298145981,0
2024-03-21 12:10:09,22.254559622799384,69.4755554106671,1.4296618438961683,0
2024-03-21 12:12:09,23.218076545925573,53.43520745996264,0.40840638405334806,0
2024-03-21 12:14:09,29.200315704015622,64.012666752345,4.253806900714434,0
2024-03-21 12:16:09,23.851707034843393,66.9335379779697,1.8644398198540264,0
2024-03-21 12:18:09,28.393920345883615,52.818816599464455,3.838571899814326,0
2024-03-21 12:20:09,22.129378674933132,53.219952876880235,2.2641967574143362,0
2024-03-21 12:22:09,29.266960880313682,67.63656789271698,3.493048988254916,0
2024-03-21 12:24:09,23.01905236827755,64.28661858275858,0.012935835846538679,0
2024-03-21 12:26:09,23.885884783991614,70.98379321451256,1.5090832512508539,0
2024-03-21 12:28:09,25.81948022242009,74.39128766101295,3.222250346647933,0
2024-03-21 12:30:09,24.34506738140624,51.76425919607357,4.163238091685918,0
2024-03-21 12:32:09,23.637094242605894,71.81871278669695,3.7501366394947286,0
2024-03-21 12:34:09,25.654218584823354,76.64717274114165,1.7342650685318688,0
2024-03-21 12:36:09,20.664356254452613,70.28159331500294,1.4243254998647858,0
2024-03-21 12:38:09,26.780388661020616,51.123898489029536,2.245169382848262,0
2024-03-21 12:40:09,29.979051703380865,62.48740122942975,4.769249941241026,0
2024-03-21 12:42:09,27.945028284604554,58.87765396075611,3.343691121296855,0
2024-03-21 12:44:09,24.555199351054515,70.33303422397043,3.208770804814929,0
2024-03-21 12:46:09,29.2521827486216,64.69520437033168,4.97763854718268,0
2024-03-21 12:48:09,27.825281657467706,57.98031406373211,4.214706645564693,0
2024-03-21 12:50:09,22.724064609478187,76.11661498191499,2.131381215907171,0
2024-03-21 12:52:09,24.27290588616161,72.32219558331131,2.40640884720485,0
2024-03-21 12:54:09,23.592775604702624,64.03819955695086,4.085341099549956,0
2024-03-21 12:56:09,25.701671023979497,79.91395343077983,0.8659779341236534,1
2024-03-21 12:58:09,21.795278340930846,78.7166669446092,4.7246471894976345,0
2024-03-21 13:00:09,22.91637880260559,56.85416842347587,0.003695238132265799,0
2024-03-21 13:02:09,25.361856590796904,56.26861703679142,2.3727161079771433,0
2024-03-21 13:04:09,27.818576103152893,76.55711263985847,0.5637355122171922,0
2024-03-21 13:06:09,20.763898254446406,72.25463979989182,0.8707294643878016,0
2024-03-21 13:08:09,29.864175580267045,77.60087883527262,0.7724784847942978,0
2024-03-21 13:10:09,25.269113692407167,71.27567196169633,1.1405064974291634,0
2024-03-21 13:12:09,29.835174990824978,65.68068393332204,1.227710888951039,0
2024-03-21 13:14:09,25.463149219955213,55.36126333835056,1.1148811145849695,0
2024-03-21 13:16:09,21.51534050782795,68.64669659145468,0.5294303862544264,0
2024-03-21 13:18:09,29.57121047025516,66.88321591734285,0.7551114274410198,0
2024-03-21 13:20:09,27.89035201121974,74.753251372887,0.4765993176530581,0
2024-03-21 13:22:09,28.414561668372684,50.57528314088265,0.2915183814663569,0
2024-03-21 13:24:09,22.480820514178628,57.85030999519398,3.033023506784028,0
2024-03-21 13:26:09,23.618927433440433,64.64564554482783,2.443421077579008,0
2024-03-21 13:28:09,26.252743239435702,76.3403907773461,3.9343463298543355,0
2024-03-21 13:30:09,28.980204939253298,69.98884566503659,3.57369905945913,0
2024-03-21 13:32:09,23.627328938288844,51.317979999030925,0.2799219225492322,0
2024-03-21 13:34:09,22.996909671901903,50.84719956094585,0.1842601399100391,0
2024-03-21 13:36:09,22.300455439764814,59.2705045096924,3.5927396435423975,0
2024-03-21 13:38:09,24.493204523874166,51.148163202533716,4.719747161542661,0
2024-03-21 13:40:09,22.44745560506352,53.545315057477005,4.3331976325218475,0
2024-03-21 13:42:09,23.96513420126607,68.93187134136278,1.6294804147292812,0
2024-03-21 13:44:09,27.351785734038103,64.73742479152543,1.3731176083124148,0
2024-03-21 13:46:09,28.862101766257148,78.51105352630358,4.665497648446966,0
2024-03-21 13:48:09,23.66691486793382,59.27578921242906,4.454996914813126,0
2024-03-21 13:50:09,29.364423619283603,77.69656121093693,3.087729904536288,0
2024-03-21 13:52:09,25.826878322690717,58.06153183492846,4.506393275739228,0
2024-03-21 13:54:09,24.914468466256846,78.12720634667245,0.31380752780111487,0
2024-03-21 13:56:09,23.227378528372377,53.57753690085014,2.603740909000212,0
2024-03-21 13:58:09,23.279468276825085,65.37959563010982,3.4504819982537818,0
2024-03-21 14:00:09,24.564534993431543,52.495664910756176,1.5719144984103939,0
2024-03-21 14:02:09,22.201231826768655,57.140198058092984,1.8987776172234805,0
2024-03-21 14:04:09,22.471720828668943,71.19898894306594,1.0227370408940266,0
2024-03-21 14:06:09,22.20291725373845,55.63482130631196,1.2129402731712209,0
2024-03-21 14:08:09,28.501833274643523,70.15630243898303,2.6146116364765355,0
2024-03-21 14:10:09,20.251134738910025,50.44057321321501,0.3312933964238052,0
2024-03-21 14:12:09,21.39337688061505,69.61481474645215,0.42452974450093384,0
2024-03-21 14:14:09,23.20524362800425,77.86344141497906,2.483011678443045,0
2024-03-21 14:16:09,28.905786467980683,52.089562706422754,2.8676696689973475,0
2024-03-21 14:18:09,24.269120114572836,57.30336097579031,4.309518688710458,1
2024-03-21 14:20:09,28.234343108150597,59.07423193282497,1.373254152480719,0
2024-03-21 14:22:09,25.915436211068954,78.67347239470912,0.8556449239367786,0
2024-03-21 14:24:09,22.58204915463665,56.519236873864195,1.223866943584932,0
2024-03-21 14:26:09,20.68310239071612,54.840373709455086,0.36940430350081654,0
2024-03-21 14:28:09,21.098257709962873,73.59097496409831,2.95224053275305,0
2024-03-21 14:30:09,20.25350615569902,57.83897628563019,1.2841485497112626,0
2024-03-21 14:32:09,24.883458206230113,59.12005153119599,3.7197436101449415,0
2024-03-21 14:34:09,23.765866698150745,58.578660756548814,3.713479827873842,0
2024-03-21 14:36:09,26.936423372704613,53.645793656250326,2.6994573232433723,0
2024-03-21 14:38:09,25.797535821188255,69.29952316355858,1.6002163994935787,0
2024-03-21 14:40:09,28.487224976114803,79.1193625799343,4.3665294262175145,0
2024-03-21 14:42:09,21.733284173716985,58.748668791988145,3.189822476643526,0
2024-03-21 14:44:09,26.747631029112128,64.57701563172094,1.7558738471514608,0
2024-03-21 14:46:09,27.63029798670481,79.16312525752554,3.2857732769571686,0
2024-03-21 14:48:09,20.508281825981406,78.44065903578232,3.565832771087715,0
2024-03-21 14:50:09,29.836036871637724,70.24255514957292,1.6426760966310487,0
2024-03-21 14:52:09,26.31702638346865,58.71324261237602,4.443914981101187,0
2024-03-21 14:54:09,26.159129380560366,53.79822052729476,2.638672648878418,0
2024-03-21 14:56:09,20.129136202512356,65.79997115130423,3.546317663455922,0
2024-03-21 14:58:09,22.045399536999923,68.35504069298662,2.613545629359326,0
2024-03-21 15:00:09,21.67152415417892,64.98090907951837,3.0839475756749724,0
2024-03-21 15:02:09,21.37028767149117,52.00619826171982,0.6321530927567587,0
2024-03-21 15:04:09,29.41827225997104,55.66392857923226,2.5286787147003436,0
2024-03-21 15:06:09,23.674617568314897,53.301514605560584,0.7703345171052367,0
2024-03-21 15:08:09,23.754081703284555,61.171695345787924,1.3182786712071222,0
2024-03-21 15:10:09,23.268576092144155,66.6660900026895,4.532029646655219,0
2024-03-21 15:12:09,20.908540014414367,70.00561812395726,3.5698145362095977,0
2024-03-21 15:14:09,20.970557645555886,54.897189512136634,1.1897418752190418,0
2024-03-21 15:16:09,27.51165230197364,67.77950778805919,0.3136520531655729,0
2024-03-21 15:18:09,27.490030478730947,61.92367434338966,1.3425302983952636,0
2024-03-21 15:20:09,26.356539215908036,72.2950251570218,4.93477095219527,0
2024-03-21 15:22:09,27.183156666047623,63.06477858614424,2.0050155407400294,0
2024-03-21 15:24:09,22.163500352961215,51.92800261780117,0.8036155606108936,0
2024-03-21 15:26:09,27.568113072487577,75.58863539023861,1.0251362953276684,0
2024-03-21 15:28:09,28.818039177063685,51.23404060559698,0.04760320409991803,0
2024-03-21 15:30:09,22.993247198104267,54.52097060166022,1.668596836425592,0
2024-03-21 15:32:09,24.16557961128762,63.947803398088354,3.4720403415722196,0
2024-03-21 15:34:09,26.137827220809072,54.81049080336997,2.83381955607688,0
2024-03-21 15:36:09,29.71637632321357,57.775374543108306,4.612804129888782,0
2024-03-21 15:38:09,28.783719215493733,50.98586123727114,0.556425213706403,0
2024-03-21 15:40:09,24.52779324309512,78.41889300052658,1.8085109706750047,0
2024-03-21 15:42:09,21.750064332364758,57.057913683708925,1.4443913629243665,0
2024-03-21 15:44:09,21.720368837909742,67.81154872784884,0.29448618597303966,0
2024-03-21 15:46:09,22.919210485924808,59.51166208746312,3.3835719699291023,0
2024-03-21 15:48:09,26.41408139399603,51.35402531233434,4.5428530024174645,0
2024-03-21 15:50:09,26.32294953452846,73.44697163295064,4.821082136512744,0
2024-03-21 15:52:09,25.335791563535796,52.35824956617423,3.0533528800698355,0
2024-03-21 15:54:09,21.785512495345625,65.16185980119035,0.5667296774746161,0
2024-03-21 15:56:09,28.739154015302844,53.934713973845575,0.26636823544163635,0
2024-03-21 15:58:09,22.807078891863682,75.36373344431891,1.5498287637637005,0
2024-03-21 16:00:09,21.226162632534415,52.3652716817571,4.134111866977624,0
2024-03-21 16:02:09,21.663852659774044,52.81984970333906,3.8426140082841793,0
2024-03-21 16:04:09,23.97964273263275,50.407557984917254,0.581150817388606,0
2024-03-21 16:06:09,24.50862433473021,72.97694457786434,4.72494710725961,0
2024-03-21 16:08:09,22.76246264217642,62.4992158641067,4.137441928335348,0
2024-03-21 16:10:09,21.054759343576663,67.7749485156229,2.054007437803876,0
2024-03-21 16:12:09,25.115030841042866,78.83304867969603,2.075475442473315,0
2024-03-21 16:14:09,29.482190490721703,53.487408608108346,0.603683025647419,0
2024-03-21 16:16:09,27.85566968345474,70.9956436608548,1.9791323954494566,0
2024-03-21 16:18:09,24.1613674542495,66.64814788918095,2.9793458318392654,0
2024-03-21 16:20:09,21.951344038786395,55.782114242662686,2.6709830100894254,0
2024-03-21 16:22:09,25.979128714215186,67.26713972001252,0.011769815785657722,0
2024-03-21 16:24:09,25.97377013922975,59.021591782529065,2.5173577441080344,0
2024-03-21 16:26:09,27.43070630450991,73.73157503117005,2.0631572452754687,0
2024-03-21 16:28:09,20.609371431209492,75.25615215972044,3.047935991925019,0
2024-03-21 16:30:09,22.54416466788613,64.01791172949791,0.6895752398983956,0
2024-03-21 16:32:09,24.269749254920804,63.74252033221792,3.396878146988931,0
2024-03-21 16:34:09,25.397991145574412,63.92103229535962,1.5572784695936859,0
2024-03-21 16:36:09,23.41892515697616,68.2918155757751,1.5780302627487037,0
2024-03-21 16:38:09,20.294515970834283,72.4144716362756,4.117818296916436,0
2024-03-21 16:40:09,28.419164323060585,75.5624085179637,0.15759345920347945,0
2024-03-21 16:42:09,29.42249310369261,77.78143410134257,3.33449898170882,0
2024-03-21 16:44:09,27.514932742678454,52.05741625820143,1.2161927160012547,0
2024-03-21 16:46:09,27.712558741771943,79.08745369160002,0.14836628790890927,0
2024-03-21 16:48:09,20.595133795009495,72.44383518986693,2.2087689742101535,0
2024-03-21 16:50:09,29.300226614682707,77.03470882058447,3.149366299213381,0
2024-03-21 16:52:09,20.796685274661453,53.15346217669303,0.2602581043430141,0
2024-03-21 16:54:09,25.081963764842268,74.88796231842919,3.709561902117524,0
2024-03-21 16:56:09,23.71260277831572,71.74400096520124,0.5549824830399575,0
2024-03-21 16:58:09,28.84332073420179,77.98430315030176,0.3441223749997335,0
2024-03-21 17:00:09,27.43290128811111,56.212096902786726,3.8177346059639756,0
2024-03-21 17:02:09,27.97662253175524,77.99278742673812,3.0608688998558407,0
2024-03-21 17:04:09,25.09163967811598,58.29149368767192,1.239379164667584,0
2024-03-21 17:06:09,22.051319624209633,58.243717995483806,1.9353769695658118,0
2024-03-21 17:08:09,22.29309728372111,57.18210590042948,3.576026723906102,1
2024-03-21 17:10:09,24.565778815896067,63.41984426473013,4.157449581107853,0
2024-03-21 17:12:09,27.349035713482827,54.37921420691573,4.346561686098671,0
2024-03-21 17:14:09,27.08540947235689,66.84025464402447,1.1399533070767898,0
2024-03-21 17:16:09,22.797096119699496,58.0310600319878,0.8591360452002234,0
2024-03-21 17:18:09,23.95954051679987,55.20795293236634,1.6646418887462917,1
2024-03-21 17:20:09,27.89713434912494,69.40867296635065,3.084330138319276,0
2024-03-21 17:22:09,26.85020755218904,71.55401265323752,3.6275485398537026,0
2024-03-21 17:24:09,21.90901814005702,71.5855134089417,2.939928998287513,0
2024-03-21 17:26:09,24.367512980564552,63.81784881737542,0.3465063144395736,0
2024-03-21 17:28:09,26.320945559594175,75.4604021610075,4.364699149057606,0
2024-03-21 17:30:09,29.549798799580813,63.72278783481335,1.430363043588312,0
2024-03-21 17:32:09,26.782918852943734,78.53255027754375,1.8968575725236119,0
2024-03-21 17:34:09,22.144051336326303,54.70735144191286,2.1702910848998815,0
2024-03-21 17:36:09,22.054338692872214,53.3342395372323,3.669824836113624,0
2024-03-21 17:38:09,26.047828420300853,76.47517874060127,3.7356835012268914,0
2024-03-21 17:40:09,28.874208872364335,71.89053644579667,4.120497583652352,0
2024-03-21 17:42:09,25.073212239258567,58.1313330143956,2.014416910179783,0
2024-03-21 17:44:09,26.564218307936912,52.23594371749574,1.9954075586199544,0
2024-03-21 17:46:09,28.035035054835117,71.27262040226604,3.1078246850775355,0
2024-03-21 17:48:09,26.341050058513062,58.58581935048221,2.2182226051270986,0
2024-03-21 17:50:09,22.868015996848964,78.92221855833259,0.9632128475393453,0
2024-03-21 17:52:09,22.16934463623126,79.74006168219447,3.527018350556377,1
2024-03-21 17:54:09,26.042764650000258,67.44146612460791,1.3544291320021413,0
2024-03-21 17:56:09,22.275544495153728,67.36202783009969,2.6835525589168197,0
2024-03-21 17:58:09,25.303068697664756,58.19540297957495,4.460962837182167,0
2024-03-21 18:00:09,25.727346755475985,77.82757205339223,1.8475580993517933,0
2024-03-21 18:02:09,21.745453910415545,58.905874208228624,2.23447996571576,0
2024-03-21 18:04:09,28.232045854164426,58.252037013522724,1.3841617031958786,0
2024-03-21 18:06:09,28.687999681799276,50.520909504317565,4.96732534406248,0
2024-03-21 18:08:09,22.22459313074277,73.32412933318548,2.7479541308764404,1
2024-03-21 18:10:09,27.95110561133739,72.50491962762652,2.1751314288268424,0
2024-03-21 18:12:09,29.36735456745184,70.77926407678511,0.6530047901899794,0
2024-03-21 18:14:09,24.355114945131902,69.71416446316138,3.857876182806716,0
2024-03-21 18:16:09,20.27494626370675,72.8888113999655,1.8599809052985243,0
2024-03-21 18:18:09,23.65942719867604,52.70287349666163,0.3193741371012443,0
2024-03-21 18:20:09,27.821350007304645,67.39137555814668,1.8849530797773633,0
2024-03-21 18:22:09,27.30475913367318,70.00371782488139,0.20844827466870663,1
2024-03-21 18:24:09,24.313650175261465,68.60816003931208,4.784392111509577,0
2024-03-21 18:26:09,26.917415512876843,78.31767057953776,2.5814730467144607,0
2024-03-21 18:28:09,21.501044863840505,61.85460298685686,4.0965500275533016,0
2024-03-21 18:30:09,23.51471367553671,69.84081451368431,0.8037599637596182,0
2024-03-21 18:32:09,29.351419289636837,51.90239650249103,4.183962523347987,0
2024-03-21 18:34:09,29.943205576846246,78.68511107027899,0.6081277202928781,0
2024-03-21 18:36:09,24.260521193665852,52.28916903560531,2.986118469302636,0
2024-03-21 18:38:09,25.271788454290068,73.07853751681542,3.858991652747092,0
2024-03-21 18:40:09,27.767002425721138,57.80314748197434,4.0289247351354165,0
2024-03-21 18:42:09,23.509847425134904,68.74701051090733,2.0626056509864865,0
2024-03-21 18:44:09,29.259109465153564,53.57586986453038,1.2761017566216064,0
2024-03-21 18:46:09,20.70192496112241,57.95941562094112,3.606601601076088,0
2024-03-21 18:48:09,25.78837706267138,53.97335068688228,2.434417489323319,0
2024-03-21 18:50:09,22.18220792009666,53.39597846421462,1.6088823057933372,0
2024-03-21 18:52:09,22.9012185148492,58.1817896205754,2.771339446164217,0
2024-03-21 18:54:09,22.917304989324194,55.663727649036566,1.1258569534499836,0
2024-03-21 18:56:09,24.491883821544075,78.52476860354251,1.3859922076717242,0
2024-03-21 18:58:09,25.31768175028281,59.810396700879586,0.7810988899349436,0
2024-03-21 19:00:09,27.373865729169694,56.434402244072835,1.595517578658946,0
2024-03-21 19:02:09,27.56049973360424,62.62847271736234,2.5295217413972733,0
2024-03-21 19:04:09,26.809174259713874,66.78117319797366,3.1674629677119803,0
2024-03-21 19:06:09,29.323971774336687,58.91102201106297,0.3653332403282278,0
2024-03-21 19:08:09,20.99070110490629,53.916132002114004,4.623021944572255,0
2024-03-21 19:10:09,21.4323506506894,63.57568484049726,4.862318882006759,0
2024-03-21 19:12:09,28.234055689111777,58.46982941300392,2.7108029487557945,0
2024-03-21 19:14:09,24.90478938536944,59.699646236738076,2.5776569937988136,0
2024-03-21 19:16:09,27.524313822047137,70.82394155659038,2.1198835483294394,0
2024-03-21 19:18:09,28.032767627813246,75.97209567305575,4.658264283771131,0
2024-03-21 19:20:09,21.207252998339314,55.29490494793901,1.0129131906004547,0
2024-03-21 19:22:09,29.257861143535777,57.58814232190141,0.20202669254157923,0
2024-03-21 19:24:09,23.829296760129086,50.57153585511347,0.6077112152590719,0
2024-03-21 19:26:09,21.604473310140143,51.97936791941391,1.879976473713651,0
2024-03-21 19:28:09,27.640769066971906,55.5620046494111,1.9129491601679538,1
2024-03-21 19:30:09,29.1953190342018,52.61778699678959,0.7520612750985955,0
2024-03-21 19:32:09,29.925169051149467,75.03300728767722,2.0315864035490074,0
2024-03-21 19:34:09,20.005133190831277,77.50549096721396,1.5879452889292827,0
2024-03-21 19:36:09,27.20749956618051,61.788903507103846,4.151900620883077,1
2024-03-21 19:38:09,29.59592877545284,59.136630312790594,2.631592035665184,0
2024-03-21 19:40:09,21.176459557195773,75.86572550410202,0.8350156540171277,0
2024-03-21 19:42:09,20.917166088665276,60.58194773840564,4.2775045907577365,0
2024-03-21 19:44:09,29.444699246226378,77.68324836449895,1.3475262063820233,0
2024-03-21 19:46:09,28.71336534265397,55.533658075188896,4.4404454521964345,0
2024-03-21 19:48:09,24.360782944774158,59.27546063674339,4.189550163425194,0
2024-03-21 19:50:09,26.09442667346913,62.61602765186646,1.8197327194946396,1
2024-03-21 19:52:09,29.51088128336343,72.74082325312115,0.5069141976265357,0
2024-03-21 19:54:09,27.169490677032627,54.422423553419655,1.117072478089639,0
2024-03-21 19:56:09,23.782557662005985,68.86927689339976,3.074196563497422,1
2024-03-21 19:58:09,24.3723982337392,67.17018290790615,2.4532588960934634,0
2024-03-21 20:00:09,29.725976231420667,59.67646698351756,3.5794305408792497,0
2024-03-21 20:02:09,28.097481611979255,61.94383755273679,4.511984156079438,0
2024-03-21 20:04:09,27.0901412633065,55.78063820582908,1.3889886594981253,0
2024-03-21 20:06:09,23.631411360390533,77.54780170516946,3.5357453567475687,0
2024-03-21 20:08:09,22.30295946937302,60.742355162404195,3.1774010953802483,0
2024-03-21 20:10:09,27.15622963690455,69.70192164806912,1.6246597112001275,0
2024-03-21 20:12:09,25.51036437775211,75.50364079847897,0.5600014971538098,0
2024-03-21 20:14:09,24.282191391543577,56.29361466922874,2.1243932593875625,0
2024-03-21 20:16:09,21.612879935786292,66.16054518485458,3.672188631289659,0
2024-03-21 20:18:09,27.674923049623224,75.83795323927717,1.145836885212586,0
2024-03-21 20:20:09,22.88432230925374,69.72836277987747,0.3052530868701714,0
2024-03-21 20:22:09,29.701576659299416,59.43583192359304,1.2255698218527822,0
2024-03-21 20:24:09,29.935192088259555,62.01244713330814,3.785094531663228,0
2024-03-21 20:26:09,20.468713681570506,69.43928584261253,2.731005898554905,0
2024-03-21 20:28:09,25.05401022005522,73.28914175052034,4.962262085069008,0
2024-03-21 20:30:09,22.32512728013233,65.1570635577934,1.499294089208631,0
2024-03-21 20:32:09,21.395936461190672,79.55430901074087,2.2306480151142303,0
2024-03-21 20:34:09,29.679457279603845,76.57727658072238,2.8116550971989995,0
2024-03-21 20:36:09,24.566719376990104,75.3742211726942,2.5735551399562766,0
2024-03-21 20:38:09,24.4472962999392,52.438476667515786,2.893649692070026,0
2024-03-21 20:40:09,20.631622715003086,74.56453945778142,4.801128848016195,0
2024-03-21 20:42:09,22.776665301293153,79.74339703772995,0.6347267883760593,0
2024-03-21 20:44:09,25.780270522837828,71.0514926603462,0.44265916098910063,0
2024-03-21 20:46:09,27.050894793666664,68.0089335084184,2.7660442142114876,0
2024-03-21 20:48:09,26.193585618717506,72.82872023990133,0.9241226442015038,0
2024-03-21 20:50:09,28.14589800775779,66.65978001814041,4.63152655490856,0
2024-03-21 20:52:09,20.03558581985791,60.742177639515056,1.7168137539867039,0
2024-03-21 20:54:09,21.201815180300663,71.6677191943146,4.001761973990057,0
2024-03-21 20:56:09,29.86969432285779,63.092910543431046,4.47999583760984,0
2024-03-21 20:58:09,27.600044109551153,65.3467627191922,0.07054573905754202,0
2024-03-21 21:00:09,26.076197890162856,74.93589115878707,4.4921886448074435,0
2024-03-21 21:02:09,23.24277530734284,59.67793317208572,2.280374587521833,0
2024-03-21 21:04:09,26.148644770071563,67.47584815749045,1.700698332772323,0
2024-03-21 21:06:09,29.02650237084071,56.5003085806882,1.4850121553357694,0
2024-03-21 21:08:09,28.939651244131884,62.90717345526023,0.19312335870594,0
2024-03-21 21:10:09,22.2571950960246,69.16834593739318,1.3890981063810626,0
2024-03-21 21:12:09,20.702668390775465,78.33899196219505,1.3842298726729996,0
2024-03-21 21:14:09,22.974546571138568,57.52541782329817,2.9253146066281706,0
2024-03-21 21:16:09,22.91436904586664,66.15169095297253,4.348108779712316,0
2024-03-21 21:18:09,20.040274990958256,55.249412137845894,1.7199851244052526,0
2024-03-21 21:20:09,25.086092962816593,74.06147952503106,2.153330270228494,1
2024-03-21 21:22:09,26.84889567378019,52.09801146006007,1.899232127375552,0
2024-03-21 21:24:09,27.534695583986057,58.72088455938704,4.448326563663222,0
2024-03-21 21:26:09,21.292007525253922,75.57840445902741,0.5728355384365896,0
2024-03-21 21:28:09,24.253104325161548,69.12617524637679,4.152847750460294,0
2024-03-21 21:30:09,26.567723442149436,51.99014179760203,3.6490638723515074,0
2024-03-21 21:32:09,20.086823742500815,50.62364604386312,2.6390510030609606,0
2024-03-21 21:34:09,26.684291458248353,59.29051654391789,0.16018723959541237,0
2024-03-21 21:36:09,20.422315663079083,72.65947659114472,2.797345046665302,0
2024-03-21 21:38:09,23.110279008300793,54.09034875340822,4.241279936188266,0
2024-03-21 21:40:09,25.950300609877942,76.95159242378571,0.058047288920788365,0
2024-03-21 21:42:09,20.35437079811572,56.42810167811974,2.714983493514709,0
2024-03-21 21:44:09,26.04431118987362,67.18273523549479,2.753520910083899,0
2024-03-21 21:46:09,28.415932833057923,50.57167653937642,0.47343235229668934,0
2024-03-21 21:48:09,22.602418671681008,56.33378197977813,1.2450637445481716,0
2024-03-21 21:50:09,20.60100154179018,74.2737748338248,2.259108661822513,0
2024-03-21 21:52:09,24.164134583204667,77.5798257023553,1.3562719643784389,0
2024-03-21 21:54:09,21.230437718022483,78.35925490968673,4.481627123833087,0
2024-03-21 21:56:09,24.048331766616133,59.41662391120428,1.794446912809946,0
2024-03-21 21:58:09,29.086034889615675,51.850477576327265,4.005257578483793,0
2024-03-21 22:00:09,27.122166676777983,59.12883177188228,3.660236265758847,0
2024-03-21 22:02:09,23.93720576658169,59.160150196319506,4.381729438474906,0
2024-03-21 22:04:09,20.773826616768158,72.4361652410038,1.463461021526884,0
2024-03-21 22:06:09,26.889061428917806,63.131502815653526,2.4623258387923674,0
2024-03-21 22:08:09,26.506261046013122,67.19461485381777,2.2633173307693495,0
2024-03-21 22:10:09,23.132244393769277,61.80365286413506,4.38038404462794,0
2024-03-21 22:12:09,21.822518003591963,71.97524475924574,4.840068561881847,0
2024-03-21 22:14:09,28.758779459068414,78.41473263293645,4.339804145965981,0
2024-03-21 22:16:09,29.414947824340864,58.62057693336942,2.6871870687881234,0
2024-03-21 22:18:09,28.578072997831505,79.68447043192263,2.293318882275563,0
2024-03-21 22:20:09,24.174971394029242,79.4747082956905,3.0602720643173,0
2024-03-21 22:22:09,20.8467598304926,69.81761335858045,4.73792611136951,0
2024-03-21 22:24:09,25.097868784949178,68.1396843210918,4.331043136568757,0
2024-03-21 22:26:09,24.904885800455055,56.571395750422326,4.704258948946503,0
2024-03-21 22:28:09,24.48941140377221,69.19681280066519,1.2640906080208576,0
2024-03-21 22:30:09,26.36909058978813,65.60537605914548,4.069642592592176,0
2024-03-21 22:32:09,24.917723149084782,79.64619538378456,3.5214894166419324,0
2024-03-21 22:34:09,23.690637522038788,53.45607986374263,1.2883492778343912,0
2024-03-21 22:36:09,23.165856100993587,75.69909852956118,0.14832401006910578,0
2024-03-21 22:38:09,27.738389028170243,55.82224210507809,0.6087721185150669,0
2024-03-21 22:40:09,28.05683195229472,71.73388556260326,0.1808211432401291,0
2024-03-21 22:42:09,21.970222848578018,57.15777856222307,1.3050691664346947,0
2024-03-21 22:44:09,29.847145473874896,71.25653248645324,4.705666217949265,0
2024-03-21 22:46:09,21.76234577094328,71.08878291159712,2.950068598118642,0
2024-03-21 22:48:09,28.23721388300359,53.95534162920876,4.501833299088782,0
2024-03-21 22:50:09,28.35405879881209,75.34187900095007,2.140960097136964,0
2024-03-21 22:52:09,27.58433033953957,73.24514228020077,0.3234374703138937,0
2024-03-21 22:54:09,22.987958572010733,68.9091007531761,4.690791821138032,0
2024-03-21 22:56:09,20.12630571311789,64.60808474993222,4.4336570624179705,0
2024-03-21 22:58:09,29.307783031371535,62.51084272762358,0.3110256555414037,0
2024-03-21 23:00:09,29.230278234504723,55.151311318256376,4.084005250355157,0
2024-03-21 23:02:09,26.645274700212617,73.6236697303601,1.6795790126727046,0
2024-03-21 23:04:09,21.585746457850743,63.333166880862926,4.939633708624066,0
2024-03-21 23:06:09,20.327381632237255,64.21013314858705,1.7224689798440567,0
2024-03-21 23:08:09,27.737009115573912,63.7732596478653,1.671149534430802,0
2024-03-21 23:10:09,22.83459913356662,50.08059613666066,0.6936287996959728,0
2024-03-21 23:12:09,24.489114032979654,61.28647207661882,1.7177090275818219,0
2024-03-21 23:14:09,27.957687719189952,73.84467667150919,1.7130279118416336,0
2024-03-21 23:16:09,29.915656344311465,55.65069174471973,3.335630240627015,0
2024-03-21 23:18:09,20.115805053939713,61.87887714520804,2.009537002296222,0
2024-03-21 23:20:09,27.575786099878524,70.21363987630099,3.390364382272581,0
2024-03-21 23:22:09,24.219666742999255,69.987340379398,1.4303830228103283,0
2024-03-21 23:24:09,26.65378881573525,72.36989070299651,2.2977100120387686,1
2024-03-21 23:26:09,26.894771364301484,65.74694409920914,0.11175416260314597,0
2024-03-21 23:28:09,24.685083064940663,72.69553222899296,2.552809100465235,0
2024-03-21 23:30:09,22.044248741227644,69.00114043243018,4.043194086003194,0
2024-03-21 23:32:09,21.265147407501185,60.86430093097789,3.130506278700061,0
2024-03-21 23:34:09,22.77419751473486,64.72492849313475,1.031945225562193,1
2024-03-21 23:36:09,29.977494252393107,63.10567949129749,4.062442211263234,0
2024-03-21 23:38:09,21.293805899637483,74.64192433899245,2.013209199437221,0
2024-03-21 23:40:09,24.707900464026487,59.017302024178036,4.2067032817562335,0
2024-03-21 23:42:09,24.870143115225115,62.155498001934475,4.740504269758571,0
2024-03-21 23:44:09,20.760466450604135,78.24481079597868,1.0233005176399235,0
2024-03-21 23:46:09,29.90878391444068,73.79305792953576,2.904868201537907,0
2024-03-21 23:48:09,22.61149842513817,50.4211783856615,3.786280412250626,0
2024-03-21 23:50:09,25.058246504326224,51.554827533295075,1.795578839723932,0
2024-03-21 23:52:09,22.423767359967382,73.09055242389016,3.625437404035166,0
2024-03-21 23:54:09,23.230075922618138,75.43954321900597,0.7340132535804189,0
2024-03-21 23:56:09,21.308342640247023,55.35196232262145,0.2919724634856713,0
2024-03-21 23:58:09,23.02105310006685,53.42291408067742,4.958307691295829,0
2024-03-22 00:00:09,20.095804361787334,57.18272300656217,2.8333727150943777,0
2024-03-22 00:02:09,25.93926448545517,60.662754986431686,3.1033971708407497,0
2024-03-22 00:04:09,26.021805463670873,64.33675349832876,0.4908157769236776,0
2024-03-22 00:06:09,25.919817361401083,74.75233398952528,2.3459415514021247,0
2024-03-22 00:08:09,26.402357297219744,56.02124201836177,4.702133256959037,0
2024-03-22 00:10:09,24.223729963813092,70.14729235381803,3.676877814096904,0
2024-03-22 00:12:09,29.73593065259,74.55499647256363,0.10195985037593391,0
2024-03-22 00:14:09,24.46464817677049,59.97392112892293,4.269096074130088,0
2024-03-22 00:16:09,22.080737529107175,61.95895151762843,4.966933963713631,0
2024-03-22 00:18:09,23.17700112289459,70.06550532974947,1.2971951278352183,0
2024-03-22 00:20:09,21.806925679436453,58.130334970590226,0.24115744740084988,0
2024-03-22 00:22:09,22.8804522168318,62.40686659281868,0.409487241287953,0
2024-03-22 00:24:09,21.64054044334042,51.104678998139754,1.0388897885455417,0
2024-03-22 00:26:09,26.727389117857623,63.71281894886376,0.4058731290998635,0
2024-03-22 00:28:09,29.49703064481385,60.823988558345725,4.997650539825326,0
2024-03-22 00:30:09,29.337638124166457,70.12311406328028,4.678689487618009,0
2024-03-22 00:32:09,22.064871036661987,56.373369510614296,3.8201517689269098,0
2024-03-22 00:34:09,24.295987597686594,52.96130758467839,1.4377609542453045,0
2024-03-22 00:36:09,21.412865335161946,65.09976825732838,4.800428986049587,0
2024-03-22 00:38:09,29.155042353798247,50.497916311847526,3.731730577259178,0
2024-03-22 00:40:09,26.820446382846107,59.44117067835532,2.651850699215557,0
